[
  {
    "model": "api.user",
    "pk": 1,
    "fields": {
      "email": "test@dictate.com",
      "username": "Douglas",
      "password": "123"
    }
  },
  {
    "model": "api.user",
    "pk": 2,
    "fields": {
      "email": "john@dictate.com",
      "username": "John M",
      "password": "123"
    }
  },
  {
    "model": "api.user",
    "pk": 3,
    "fields": {
      "email": "mary@hotmail.co.uk",
      "username": "Mary H",
      "password": "123"
    }
  },
  {
    "model": "api.user",
    "pk": 4,
    "fields": {
      "email": "tim_cloth@dictate.com",
      "username": "Timothy",
      "password": "123"
    }
  },
  {
    "model": "api.user",
    "pk": 5,
    "fields": {
      "email": "simon@dictate.com",
      "username": "Simon Stevenson",
      "password": "123"
    }
  },
  {
    "model": "api.team",
    "pk": 1,
    "fields": {
      "name": "Group Project",
      "members": [1, 2, 3, 4]
    }
  },
  {
    "model": "api.team",
    "pk": 2,
    "fields": {
      "name": "Daily Catchup",
      "members": [1, 5]
    }
  },
  {
    "model": "api.team",
    "pk": 3,
    "fields": {
      "name": "Monthly Standup",
      "members": [1, 2, 3, 4, 5]
    }
  },
  {
    "model": "api.meeting",
    "pk": 1,
    "fields": {
      "participants": [1, 3],
      "start_time": "2024-01-01T09:53:00+00:00",
      "end_time": "2024-01-01T10:26:00+00:00"
    }
  },
  {
    "model": "api.meeting",
    "pk": 2,
    "fields": {
      "team": 3,
      "start_time": "2024-01-03T07:25:00+00:00",
      "end_time": "2024-01-03T07:44:00+00:00"
    }
  },
  {
    "model": "api.meeting",
    "pk": 3,
    "fields": {
      "participants": [1, 2, 3, 4],
      "start_time": "2024-01-04T08:37:00+00:00",
      "end_time": "2024-01-04T10:49:00+00:00"
    }
  },
  {
    "model": "api.meeting",
    "pk": 4,
    "fields": {
      "participants": [1, 2, 3, 5],
      "start_time": "2024-01-05T01:57:00+00:00",
      "end_time": "2024-01-05T03:06:00+00:00"
    }
  },
  {
    "model": "api.meeting",
    "pk": 5,
    "fields": {
      "team": 1,
      "start_time": "2024-01-06T02:44:00+00:00",
      "end_time": "2024-01-06T05:39:00+00:00"
    }
  },
  {
    "model": "api.meeting",
    "pk": 6,
    "fields": {
      "team": 2,
      "start_time": "2024-01-08T02:35:00+00:00",
      "end_time": "2024-01-08T05:07:00+00:00"
    }
  },
  {
    "model": "api.meeting",
    "pk": 7,
    "fields": {
      "team": 2,
      "start_time": "2024-01-08T09:03:00+00:00",
      "end_time": "2024-01-08T11:51:00+00:00"
    }
  },
  {
    "model": "api.meeting",
    "pk": 8,
    "fields": {
      "team": 2,
      "start_time": "2024-01-09T07:08:00+00:00",
      "end_time": "2024-01-09T07:09:00+00:00"
    }
  },
  {
    "model": "api.meeting",
    "pk": 9,
    "fields": {
      "team": 3,
      "start_time": "2024-01-09T04:56:00+00:00",
      "end_time": "2024-01-09T07:15:00+00:00"
    }
  },
  {
    "model": "api.meeting",
    "pk": 10,
    "fields": {
      "team": 1,
      "start_time": "2024-01-10T06:24:00+00:00",
      "end_time": "2024-01-10T07:31:00+00:00"
    }
  },
  {
    "model": "api.meeting",
    "pk": 11,
    "fields": {
      "participants": [1, 2, 5],
      "start_time": "2024-01-11T09:02:00+00:00",
      "end_time": "2024-01-11T09:57:00+00:00"
    }
  },
  {
    "model": "api.meeting",
    "pk": 12,
    "fields": {
      "team": 1,
      "start_time": "2024-01-12T04:08:00+00:00",
      "end_time": "2024-01-12T06:27:00+00:00"
    }
  },
  {
    "model": "api.meeting",
    "pk": 13,
    "fields": {
      "participants": [1, 2, 4],
      "start_time": "2024-01-12T07:02:00+00:00",
      "end_time": "2024-01-12T07:37:00+00:00"
    }
  },
  {
    "model": "api.meeting",
    "pk": 14,
    "fields": {
      "participants": [1, 2, 3, 4],
      "start_time": "2024-01-15T02:22:00+00:00",
      "end_time": "2024-01-15T03:29:00+00:00"
    }
  },
  {
    "model": "api.meeting",
    "pk": 15,
    "fields": {
      "team": 2,
      "start_time": "2024-01-15T00:03:00+00:00",
      "end_time": "2024-01-15T02:46:00+00:00"
    }
  },
  {
    "model": "api.meeting",
    "pk": 16,
    "fields": {
      "participants": [1, 2, 3, 4, 5],
      "start_time": "2024-01-17T10:44:00+00:00",
      "end_time": "2024-01-17T11:48:00+00:00"
    }
  },
  {
    "model": "api.meeting",
    "pk": 17,
    "fields": {
      "team": 2,
      "start_time": "2024-01-17T06:19:00+00:00",
      "end_time": "2024-01-17T09:11:00+00:00"
    }
  },
  {
    "model": "api.meeting",
    "pk": 18,
    "fields": {
      "team": 2,
      "start_time": "2024-01-18T00:34:00+00:00",
      "end_time": "2024-01-18T03:21:00+00:00"
    }
  },
  {
    "model": "api.meeting",
    "pk": 19,
    "fields": {
      "team": 1,
      "start_time": "2024-01-18T02:37:00+00:00",
      "end_time": "2024-01-18T03:26:00+00:00"
    }
  },
  {
    "model": "api.meeting",
    "pk": 20,
    "fields": {
      "participants": [1, 3, 5],
      "start_time": "2024-01-19T04:11:00+00:00",
      "end_time": "2024-01-19T05:39:00+00:00"
    }
  },
  {
    "model": "api.meeting",
    "pk": 21,
    "fields": {
      "participants": [1, 3],
      "start_time": "2024-01-19T10:16:00+00:00",
      "end_time": "2024-01-19T12:22:00+00:00"
    }
  },
  {
    "model": "api.meeting",
    "pk": 22,
    "fields": {
      "participants": [1, 2, 3, 5],
      "start_time": "2024-01-20T07:15:00+00:00",
      "end_time": "2024-01-20T08:43:00+00:00"
    }
  },
  {
    "model": "api.meeting",
    "pk": 23,
    "fields": {
      "team": 1,
      "start_time": "2024-01-21T10:03:00+00:00",
      "end_time": "2024-01-21T11:22:00+00:00"
    }
  },
  {
    "model": "api.meeting",
    "pk": 24,
    "fields": {
      "team": 3,
      "start_time": "2024-01-22T06:19:00+00:00",
      "end_time": "2024-01-22T08:02:00+00:00"
    }
  },
  {
    "model": "api.meeting",
    "pk": 25,
    "fields": {
      "participants": [1, 3],
      "start_time": "2024-01-24T08:59:00+00:00",
      "end_time": "2024-01-24T09:43:00+00:00"
    }
  },
  {
    "model": "api.meeting",
    "pk": 26,
    "fields": {
      "team": 1,
      "start_time": "2024-01-24T07:50:00+00:00",
      "end_time": "2024-01-24T10:27:00+00:00"
    }
  },
  {
    "model": "api.meeting",
    "pk": 27,
    "fields": {
      "team": 3,
      "start_time": "2024-01-25T02:48:00+00:00",
      "end_time": "2024-01-25T03:31:00+00:00"
    }
  },
  {
    "model": "api.meeting",
    "pk": 28,
    "fields": {
      "team": 2,
      "start_time": "2024-01-25T01:17:00+00:00",
      "end_time": "2024-01-25T03:47:00+00:00"
    }
  },
  {
    "model": "api.meeting",
    "pk": 29,
    "fields": {
      "participants": [1],
      "start_time": "2024-01-26T00:35:00+00:00",
      "end_time": "2024-01-26T01:27:00+00:00"
    }
  },
  {
    "model": "api.meeting",
    "pk": 30,
    "fields": {
      "team": 3,
      "start_time": "2024-01-26T00:00:00+00:00",
      "end_time": "2024-01-26T00:06:00+00:00"
    }
  },
  {
    "model": "api.meeting",
    "pk": 31,
    "fields": {
      "participants": [1, 2, 4],
      "start_time": "2024-01-28T08:37:00+00:00",
      "end_time": "2024-01-28T11:04:00+00:00"
    }
  },
  {
    "model": "api.meeting",
    "pk": 32,
    "fields": {
      "team": 1,
      "start_time": "2024-01-29T00:51:00+00:00",
      "end_time": "2024-01-29T00:58:00+00:00"
    }
  },
  {
    "model": "api.meeting",
    "pk": 33,
    "fields": {
      "team": 2,
      "start_time": "2024-01-30T05:13:00+00:00",
      "end_time": "2024-01-30T05:41:00+00:00"
    }
  },
  {
    "model": "api.meeting",
    "pk": 34,
    "fields": {
      "team": 1,
      "start_time": "2024-01-30T02:55:00+00:00",
      "end_time": "2024-01-30T03:55:00+00:00"
    }
  },
  {
    "model": "api.meeting",
    "pk": 35,
    "fields": {
      "team": 3,
      "start_time": "2024-01-31T09:51:00+00:00",
      "end_time": "2024-01-31T10:01:00+00:00"
    }
  },
  {
    "model": "api.meeting",
    "pk": 36,
    "fields": {
      "participants": [1, 2, 3, 4],
      "start_time": "2024-02-02T00:58:00+00:00",
      "end_time": "2024-02-02T03:17:00+00:00"
    }
  },
  {
    "model": "api.meeting",
    "pk": 37,
    "fields": {
      "participants": [1, 2, 4],
      "start_time": "2024-02-03T00:08:00+00:00",
      "end_time": "2024-02-03T02:59:00+00:00"
    }
  },
  {
    "model": "api.meeting",
    "pk": 38,
    "fields": {
      "team": 2,
      "start_time": "2024-02-04T09:56:00+00:00",
      "end_time": "2024-02-04T12:08:00+00:00"
    }
  },
  {
    "model": "api.meeting",
    "pk": 39,
    "fields": {
      "participants": [1, 2, 4, 5],
      "start_time": "2024-02-05T07:25:00+00:00",
      "end_time": "2024-02-05T07:47:00+00:00"
    }
  },
  {
    "model": "api.meeting",
    "pk": 40,
    "fields": {
      "team": 3,
      "start_time": "2024-02-07T02:25:00+00:00",
      "end_time": "2024-02-07T02:53:00+00:00"
    }
  },
  {
    "model": "api.meeting",
    "pk": 41,
    "fields": {
      "participants": [1],
      "start_time": "2024-02-07T03:03:00+00:00",
      "end_time": "2024-02-07T04:48:00+00:00"
    }
  },
  {
    "model": "api.meeting",
    "pk": 42,
    "fields": {
      "team": 2,
      "start_time": "2024-02-08T00:06:00+00:00",
      "end_time": "2024-02-08T02:07:00+00:00"
    }
  },
  {
    "model": "api.meeting",
    "pk": 43,
    "fields": {
      "team": 3,
      "start_time": "2024-02-09T04:50:00+00:00",
      "end_time": "2024-02-09T07:29:00+00:00"
    }
  },
  {
    "model": "api.meeting",
    "pk": 44,
    "fields": {
      "participants": [1, 2, 3, 4],
      "start_time": "2024-02-09T07:41:00+00:00",
      "end_time": "2024-02-09T09:05:00+00:00"
    }
  },
  {
    "model": "api.meeting",
    "pk": 45,
    "fields": {
      "participants": [1, 2, 3],
      "start_time": "2024-02-10T04:56:00+00:00",
      "end_time": "2024-02-10T05:00:00+00:00"
    }
  },
  {
    "model": "api.meeting",
    "pk": 46,
    "fields": {
      "team": 2,
      "start_time": "2024-02-10T06:40:00+00:00",
      "end_time": "2024-02-10T08:24:00+00:00"
    }
  },
  {
    "model": "api.meeting",
    "pk": 47,
    "fields": {
      "team": 1,
      "start_time": "2024-02-11T07:36:00+00:00",
      "end_time": "2024-02-11T08:34:00+00:00"
    }
  },
  {
    "model": "api.meeting",
    "pk": 48,
    "fields": {
      "team": 2,
      "start_time": "2024-02-12T02:54:00+00:00",
      "end_time": "2024-02-12T04:53:00+00:00"
    }
  },
  {
    "model": "api.meeting",
    "pk": 49,
    "fields": {
      "team": 2,
      "start_time": "2024-02-13T04:59:00+00:00",
      "end_time": "2024-02-13T07:07:00+00:00"
    }
  },
  {
    "model": "api.meeting",
    "pk": 50,
    "fields": {
      "team": 3,
      "start_time": "2024-02-14T02:53:00+00:00",
      "end_time": "2024-02-14T04:57:00+00:00"
    }
  },
  {
    "model": "api.meeting",
    "pk": 51,
    "fields": {
      "team": 1,
      "start_time": "2024-02-16T01:32:00+00:00",
      "end_time": "2024-02-16T03:14:00+00:00"
    }
  },
  {
    "model": "api.meeting",
    "pk": 52,
    "fields": {
      "team": 1,
      "start_time": "2024-02-17T05:38:00+00:00",
      "end_time": "2024-02-17T08:30:00+00:00"
    }
  },
  {
    "model": "api.meeting",
    "pk": 53,
    "fields": {
      "participants": [1, 5],
      "start_time": "2024-02-19T07:48:00+00:00",
      "end_time": "2024-02-19T09:09:00+00:00"
    }
  },
  {
    "model": "api.meeting",
    "pk": 54,
    "fields": {
      "participants": [1, 3, 4],
      "start_time": "2024-02-21T10:06:00+00:00",
      "end_time": "2024-02-21T11:17:00+00:00"
    }
  },
  {
    "model": "api.meeting",
    "pk": 55,
    "fields": {
      "participants": [1, 2, 3, 4, 5],
      "start_time": "2024-02-22T10:55:00+00:00",
      "end_time": "2024-02-22T12:15:00+00:00"
    }
  },
  {
    "model": "api.meeting",
    "pk": 56,
    "fields": {
      "team": 1,
      "start_time": "2024-02-23T01:36:00+00:00",
      "end_time": "2024-02-23T02:02:00+00:00"
    }
  },
  {
    "model": "api.meeting",
    "pk": 57,
    "fields": {
      "team": 1,
      "start_time": "2024-02-25T09:29:00+00:00",
      "end_time": "2024-02-25T11:08:00+00:00"
    }
  },
  {
    "model": "api.meeting",
    "pk": 58,
    "fields": {
      "participants": [1, 2, 5],
      "start_time": "2024-02-25T05:08:00+00:00",
      "end_time": "2024-02-25T06:12:00+00:00"
    }
  },
  {
    "model": "api.meeting",
    "pk": 59,
    "fields": {
      "participants": [1, 3],
      "start_time": "2024-02-26T00:38:00+00:00",
      "end_time": "2024-02-26T00:52:00+00:00"
    }
  },
  {
    "model": "api.meeting",
    "pk": 60,
    "fields": {
      "participants": [1, 2, 3],
      "start_time": "2024-02-28T00:34:00+00:00",
      "end_time": "2024-02-28T02:10:00+00:00"
    }
  },
  {
    "model": "api.meeting",
    "pk": 61,
    "fields": {
      "participants": [1, 2, 3, 5],
      "start_time": "2024-02-29T04:48:00+00:00",
      "end_time": "2024-02-29T06:41:00+00:00"
    }
  },
  {
    "model": "api.meeting",
    "pk": 62,
    "fields": {
      "participants": [1],
      "start_time": "2024-03-02T05:09:00+00:00",
      "end_time": "2024-03-02T07:30:00+00:00"
    }
  },
  {
    "model": "api.meeting",
    "pk": 63,
    "fields": {
      "team": 1,
      "start_time": "2024-03-03T04:57:00+00:00",
      "end_time": "2024-03-03T05:33:00+00:00"
    }
  },
  {
    "model": "api.meeting",
    "pk": 64,
    "fields": {
      "participants": [1, 3],
      "start_time": "2024-03-04T07:23:00+00:00",
      "end_time": "2024-03-04T08:31:00+00:00"
    }
  },
  {
    "model": "api.meeting",
    "pk": 65,
    "fields": {
      "participants": [1, 4, 5],
      "start_time": "2024-03-05T05:46:00+00:00",
      "end_time": "2024-03-05T06:15:00+00:00"
    }
  },
  {
    "model": "api.meeting",
    "pk": 66,
    "fields": {
      "participants": [1, 2, 3, 4],
      "start_time": "2024-03-08T02:21:00+00:00",
      "end_time": "2024-03-08T03:07:00+00:00"
    }
  },
  {
    "model": "api.meeting",
    "pk": 67,
    "fields": {
      "participants": [1, 5],
      "start_time": "2024-03-08T10:30:00+00:00",
      "end_time": "2024-03-08T11:28:00+00:00"
    }
  },
  {
    "model": "api.meeting",
    "pk": 68,
    "fields": {
      "team": 1,
      "start_time": "2024-03-10T05:29:00+00:00",
      "end_time": "2024-03-10T07:35:00+00:00"
    }
  },
  {
    "model": "api.meeting",
    "pk": 69,
    "fields": {
      "participants": [1],
      "start_time": "2024-03-10T01:44:00+00:00",
      "end_time": "2024-03-10T03:41:00+00:00"
    }
  },
  {
    "model": "api.meeting",
    "pk": 70,
    "fields": {
      "team": 2,
      "start_time": "2024-03-11T00:21:00+00:00",
      "end_time": "2024-03-11T00:59:00+00:00"
    }
  },
  {
    "model": "api.meeting",
    "pk": 71,
    "fields": {
      "team": 2,
      "start_time": "2024-03-12T06:26:00+00:00",
      "end_time": "2024-03-12T07:59:00+00:00"
    }
  },
  {
    "model": "api.meeting",
    "pk": 72,
    "fields": {
      "participants": [1, 2, 5],
      "start_time": "2024-03-13T00:01:00+00:00",
      "end_time": "2024-03-13T00:41:00+00:00"
    }
  },
  {
    "model": "api.meeting",
    "pk": 73,
    "fields": {
      "participants": [1, 3, 4, 5],
      "start_time": "2024-03-15T02:44:00+00:00",
      "end_time": "2024-03-15T05:26:00+00:00"
    }
  },
  {
    "model": "api.meeting",
    "pk": 74,
    "fields": {
      "team": 3,
      "start_time": "2024-03-16T01:49:00+00:00",
      "end_time": "2024-03-16T04:16:00+00:00"
    }
  },
  {
    "model": "api.meeting",
    "pk": 75,
    "fields": {
      "team": 2,
      "start_time": "2024-03-16T01:16:00+00:00",
      "end_time": "2024-03-16T01:39:00+00:00"
    }
  },
  {
    "model": "api.meeting",
    "pk": 76,
    "fields": {
      "participants": [1, 2, 3],
      "start_time": "2024-03-20T00:25:00+00:00",
      "end_time": "2024-03-20T02:55:00+00:00"
    }
  },
  {
    "model": "api.meeting",
    "pk": 77,
    "fields": {
      "team": 3,
      "start_time": "2024-03-21T07:55:00+00:00",
      "end_time": "2024-03-21T09:26:00+00:00"
    }
  },
  {
    "model": "api.meeting",
    "pk": 78,
    "fields": {
      "team": 3,
      "start_time": "2024-03-22T08:03:00+00:00",
      "end_time": "2024-03-22T10:43:00+00:00"
    }
  },
  {
    "model": "api.meeting",
    "pk": 79,
    "fields": {
      "team": 1,
      "start_time": "2024-03-22T08:17:00+00:00",
      "end_time": "2024-03-22T09:49:00+00:00"
    }
  },
  {
    "model": "api.meeting",
    "pk": 80,
    "fields": {
      "participants": [1, 2, 3, 5],
      "start_time": "2024-03-23T05:40:00+00:00",
      "end_time": "2024-03-23T08:23:00+00:00"
    }
  },
  {
    "model": "api.meeting",
    "pk": 81,
    "fields": {
      "participants": [1, 2, 4],
      "start_time": "2024-03-23T06:42:00+00:00",
      "end_time": "2024-03-23T08:30:00+00:00"
    }
  },
  {
    "model": "api.meeting",
    "pk": 82,
    "fields": {
      "team": 3,
      "start_time": "2024-03-24T02:53:00+00:00",
      "end_time": "2024-03-24T03:57:00+00:00"
    }
  },
  {
    "model": "api.meeting",
    "pk": 83,
    "fields": {
      "participants": [1, 2, 3, 5],
      "start_time": "2024-03-25T09:39:00+00:00",
      "end_time": "2024-03-25T10:22:00+00:00"
    }
  },
  {
    "model": "api.meeting",
    "pk": 84,
    "fields": {
      "participants": [1, 2, 4, 5],
      "start_time": "2024-03-27T00:14:00+00:00",
      "end_time": "2024-03-27T02:46:00+00:00"
    }
  },
  {
    "model": "api.meeting",
    "pk": 85,
    "fields": {
      "participants": [1, 3, 5],
      "start_time": "2024-03-29T03:18:00+00:00",
      "end_time": "2024-03-29T05:10:00+00:00"
    }
  },
  {
    "model": "api.meeting",
    "pk": 86,
    "fields": {
      "participants": [1, 2, 4],
      "start_time": "2024-03-30T07:01:00+00:00",
      "end_time": "2024-03-30T09:37:00+00:00"
    }
  },
  {
    "model": "api.meeting",
    "pk": 87,
    "fields": {
      "participants": [1],
      "start_time": "2024-03-30T04:04:00+00:00",
      "end_time": "2024-03-30T04:37:00+00:00"
    }
  },
  {
    "model": "api.meeting",
    "pk": 88,
    "fields": {
      "participants": [1, 3, 5],
      "start_time": "2024-03-31T10:33:00+00:00",
      "end_time": "2024-03-31T12:11:00+00:00"
    }
  },
  {
    "model": "api.meeting",
    "pk": 89,
    "fields": {
      "participants": [1, 3],
      "start_time": "2024-04-01T01:43:00+00:00",
      "end_time": "2024-04-01T02:50:00+00:00"
    }
  },
  {
    "model": "api.meeting",
    "pk": 90,
    "fields": {
      "participants": [1, 2, 4, 5],
      "start_time": "2024-04-02T09:53:00+00:00",
      "end_time": "2024-04-02T12:23:00+00:00"
    }
  },
  {
    "model": "api.meeting",
    "pk": 91,
    "fields": {
      "team": 1,
      "start_time": "2024-04-04T01:20:00+00:00",
      "end_time": "2024-04-04T02:22:00+00:00"
    }
  },
  {
    "model": "api.meeting",
    "pk": 92,
    "fields": {
      "participants": [1, 2],
      "start_time": "2024-04-05T04:57:00+00:00",
      "end_time": "2024-04-05T07:38:00+00:00"
    }
  },
  {
    "model": "api.meeting",
    "pk": 93,
    "fields": {
      "participants": [1, 4],
      "start_time": "2024-04-05T09:09:00+00:00",
      "end_time": "2024-04-05T09:44:00+00:00"
    }
  },
  {
    "model": "api.meeting",
    "pk": 94,
    "fields": {
      "team": 2,
      "start_time": "2024-04-06T10:10:00+00:00",
      "end_time": "2024-04-06T11:10:00+00:00"
    }
  },
  {
    "model": "api.meeting",
    "pk": 95,
    "fields": {
      "team": 2,
      "start_time": "2024-04-06T10:33:00+00:00",
      "end_time": "2024-04-06T12:27:00+00:00"
    }
  },
  {
    "model": "api.meeting",
    "pk": 96,
    "fields": {
      "team": 2,
      "start_time": "2024-04-08T05:34:00+00:00",
      "end_time": "2024-04-08T06:00:00+00:00"
    }
  },
  {
    "model": "api.meeting",
    "pk": 97,
    "fields": {
      "participants": [1, 4],
      "start_time": "2024-04-09T08:54:00+00:00",
      "end_time": "2024-04-09T10:08:00+00:00"
    }
  },
  {
    "model": "api.meeting",
    "pk": 98,
    "fields": {
      "team": 2,
      "start_time": "2024-04-11T07:23:00+00:00",
      "end_time": "2024-04-11T08:59:00+00:00"
    }
  },
  {
    "model": "api.meeting",
    "pk": 99,
    "fields": {
      "participants": [1, 2, 4],
      "start_time": "2024-04-11T02:11:00+00:00",
      "end_time": "2024-04-11T02:32:00+00:00"
    }
  },
  {
    "model": "api.meeting",
    "pk": 100,
    "fields": {
      "team": 1,
      "start_time": "2024-04-12T01:29:00+00:00",
      "end_time": "2024-04-12T02:52:00+00:00"
    }
  },
  {
    "model": "api.meeting",
    "pk": 101,
    "fields": {
      "team": 1,
      "start_time": "2024-04-13T03:48:00+00:00",
      "end_time": "2024-04-13T06:07:00+00:00"
    }
  },
  {
    "model": "api.meeting",
    "pk": 102,
    "fields": {
      "team": 1,
      "start_time": "2024-04-13T02:08:00+00:00",
      "end_time": "2024-04-13T03:37:00+00:00"
    }
  },
  {
    "model": "api.meeting",
    "pk": 103,
    "fields": {
      "participants": [1, 2],
      "start_time": "2024-04-15T09:42:00+00:00",
      "end_time": "2024-04-15T10:04:00+00:00"
    }
  },
  {
    "model": "api.meeting",
    "pk": 104,
    "fields": {
      "participants": [1, 2, 3],
      "start_time": "2024-04-15T02:00:00+00:00",
      "end_time": "2024-04-15T04:55:00+00:00"
    }
  },
  {
    "model": "api.meeting",
    "pk": 105,
    "fields": {
      "team": 1,
      "start_time": "2024-04-16T01:29:00+00:00",
      "end_time": "2024-04-16T01:34:00+00:00"
    }
  },
  {
    "model": "api.meeting",
    "pk": 106,
    "fields": {
      "participants": [1, 2, 3, 5],
      "start_time": "2024-04-16T06:09:00+00:00",
      "end_time": "2024-04-16T06:48:00+00:00"
    }
  },
  {
    "model": "api.meeting",
    "pk": 107,
    "fields": {
      "participants": [1, 5],
      "start_time": "2024-04-19T03:16:00+00:00",
      "end_time": "2024-04-19T03:31:00+00:00"
    }
  },
  {
    "model": "api.meeting",
    "pk": 108,
    "fields": {
      "participants": [1, 2, 3, 4, 5],
      "start_time": "2024-04-19T08:15:00+00:00",
      "end_time": "2024-04-19T10:49:00+00:00"
    }
  },
  {
    "model": "api.meeting",
    "pk": 109,
    "fields": {
      "participants": [1, 5],
      "start_time": "2024-04-20T02:26:00+00:00",
      "end_time": "2024-04-20T05:19:00+00:00"
    }
  },
  {
    "model": "api.meeting",
    "pk": 110,
    "fields": {
      "team": 2,
      "start_time": "2024-04-21T02:32:00+00:00",
      "end_time": "2024-04-21T03:56:00+00:00"
    }
  },
  {
    "model": "api.meeting",
    "pk": 111,
    "fields": {
      "participants": [1, 2, 3],
      "start_time": "2024-04-22T09:12:00+00:00",
      "end_time": "2024-04-22T10:19:00+00:00"
    }
  },
  {
    "model": "api.meeting",
    "pk": 112,
    "fields": {
      "participants": [1, 2],
      "start_time": "2024-04-23T02:22:00+00:00",
      "end_time": "2024-04-23T04:54:00+00:00"
    }
  },
  {
    "model": "api.meeting",
    "pk": 113,
    "fields": {
      "participants": [1, 2, 3, 5],
      "start_time": "2024-04-24T01:26:00+00:00",
      "end_time": "2024-04-24T04:01:00+00:00"
    }
  },
  {
    "model": "api.meeting",
    "pk": 114,
    "fields": {
      "team": 1,
      "start_time": "2024-04-24T00:41:00+00:00",
      "end_time": "2024-04-24T03:02:00+00:00"
    }
  },
  {
    "model": "api.meeting",
    "pk": 115,
    "fields": {
      "team": 3,
      "start_time": "2024-04-26T03:11:00+00:00",
      "end_time": "2024-04-26T05:14:00+00:00"
    }
  },
  {
    "model": "api.meeting",
    "pk": 116,
    "fields": {
      "team": 3,
      "start_time": "2024-04-26T00:45:00+00:00",
      "end_time": "2024-04-26T00:45:00+00:00"
    }
  },
  {
    "model": "api.meeting",
    "pk": 117,
    "fields": {
      "team": 3,
      "start_time": "2024-04-27T04:06:00+00:00",
      "end_time": "2024-04-27T06:06:00+00:00"
    }
  },
  {
    "model": "api.meeting",
    "pk": 118,
    "fields": {
      "team": 2,
      "start_time": "2024-04-28T06:54:00+00:00",
      "end_time": "2024-04-28T08:18:00+00:00"
    }
  },
  {
    "model": "api.meeting",
    "pk": 119,
    "fields": {
      "participants": [1, 3, 5],
      "start_time": "2024-04-29T05:16:00+00:00",
      "end_time": "2024-04-29T07:33:00+00:00"
    }
  },
  {
    "model": "api.meeting",
    "pk": 120,
    "fields": {
      "participants": [1, 3, 4, 5],
      "start_time": "2024-05-02T08:58:00+00:00",
      "end_time": "2024-05-02T10:51:00+00:00"
    }
  },
  {
    "model": "api.meeting",
    "pk": 121,
    "fields": {
      "participants": [1, 2, 4],
      "start_time": "2024-05-03T02:40:00+00:00",
      "end_time": "2024-05-03T03:32:00+00:00"
    }
  },
  {
    "model": "api.meeting",
    "pk": 122,
    "fields": {
      "team": 2,
      "start_time": "2024-05-03T01:51:00+00:00",
      "end_time": "2024-05-03T04:02:00+00:00"
    }
  },
  {
    "model": "api.meeting",
    "pk": 123,
    "fields": {
      "participants": [1, 3],
      "start_time": "2024-05-05T03:16:00+00:00",
      "end_time": "2024-05-05T03:53:00+00:00"
    }
  },
  {
    "model": "api.meeting",
    "pk": 124,
    "fields": {
      "team": 2,
      "start_time": "2024-05-05T10:04:00+00:00",
      "end_time": "2024-05-05T10:54:00+00:00"
    }
  },
  {
    "model": "api.meeting",
    "pk": 125,
    "fields": {
      "team": 3,
      "start_time": "2024-05-07T09:57:00+00:00",
      "end_time": "2024-05-07T10:15:00+00:00"
    }
  },
  {
    "model": "api.meeting",
    "pk": 126,
    "fields": {
      "team": 2,
      "start_time": "2024-05-09T04:16:00+00:00",
      "end_time": "2024-05-09T06:31:00+00:00"
    }
  },
  {
    "model": "api.meeting",
    "pk": 127,
    "fields": {
      "team": 3,
      "start_time": "2024-05-09T08:07:00+00:00",
      "end_time": "2024-05-09T10:07:00+00:00"
    }
  },
  {
    "model": "api.meeting",
    "pk": 128,
    "fields": {
      "participants": [1, 2, 4, 5],
      "start_time": "2024-05-10T04:21:00+00:00",
      "end_time": "2024-05-10T06:43:00+00:00"
    }
  },
  {
    "model": "api.meeting",
    "pk": 129,
    "fields": {
      "participants": [1, 3, 4, 5],
      "start_time": "2024-05-10T05:39:00+00:00",
      "end_time": "2024-05-10T08:35:00+00:00"
    }
  },
  {
    "model": "api.meeting",
    "pk": 130,
    "fields": {
      "participants": [1, 2, 3, 5],
      "start_time": "2024-05-11T06:46:00+00:00",
      "end_time": "2024-05-11T08:13:00+00:00"
    }
  },
  {
    "model": "api.meeting",
    "pk": 131,
    "fields": {
      "participants": [1, 2, 3, 4],
      "start_time": "2024-05-13T01:35:00+00:00",
      "end_time": "2024-05-13T01:39:00+00:00"
    }
  },
  {
    "model": "api.meeting",
    "pk": 132,
    "fields": {
      "participants": [1, 5],
      "start_time": "2024-05-14T00:45:00+00:00",
      "end_time": "2024-05-14T03:16:00+00:00"
    }
  },
  {
    "model": "api.meeting",
    "pk": 133,
    "fields": {
      "participants": [1, 3, 4, 5],
      "start_time": "2024-05-14T08:14:00+00:00",
      "end_time": "2024-05-14T09:00:00+00:00"
    }
  },
  {
    "model": "api.meeting",
    "pk": 134,
    "fields": {
      "team": 2,
      "start_time": "2024-05-16T02:35:00+00:00",
      "end_time": "2024-05-16T04:02:00+00:00"
    }
  },
  {
    "model": "api.meeting",
    "pk": 135,
    "fields": {
      "team": 1,
      "start_time": "2024-05-17T06:33:00+00:00",
      "end_time": "2024-05-17T08:45:00+00:00"
    }
  },
  {
    "model": "api.meeting",
    "pk": 136,
    "fields": {
      "team": 3,
      "start_time": "2024-05-19T10:03:00+00:00",
      "end_time": "2024-05-19T10:29:00+00:00"
    }
  },
  {
    "model": "api.meeting",
    "pk": 137,
    "fields": {
      "participants": [1, 2, 4],
      "start_time": "2024-05-19T06:39:00+00:00",
      "end_time": "2024-05-19T09:23:00+00:00"
    }
  },
  {
    "model": "api.meeting",
    "pk": 138,
    "fields": {
      "participants": [1, 2],
      "start_time": "2024-05-20T06:35:00+00:00",
      "end_time": "2024-05-20T07:16:00+00:00"
    }
  },
  {
    "model": "api.meeting",
    "pk": 139,
    "fields": {
      "team": 3,
      "start_time": "2024-05-21T03:07:00+00:00",
      "end_time": "2024-05-21T05:47:00+00:00"
    }
  },
  {
    "model": "api.meeting",
    "pk": 140,
    "fields": {
      "participants": [1, 3, 4, 5],
      "start_time": "2024-05-21T01:03:00+00:00",
      "end_time": "2024-05-21T02:04:00+00:00"
    }
  },
  {
    "model": "api.meeting",
    "pk": 141,
    "fields": {
      "team": 3,
      "start_time": "2024-05-22T04:34:00+00:00",
      "end_time": "2024-05-22T06:21:00+00:00"
    }
  },
  {
    "model": "api.meeting",
    "pk": 142,
    "fields": {
      "team": 2,
      "start_time": "2024-05-23T04:34:00+00:00",
      "end_time": "2024-05-23T06:31:00+00:00"
    }
  },
  {
    "model": "api.meeting",
    "pk": 143,
    "fields": {
      "team": 1,
      "start_time": "2024-05-24T06:14:00+00:00",
      "end_time": "2024-05-24T07:42:00+00:00"
    }
  },
  {
    "model": "api.meeting",
    "pk": 144,
    "fields": {
      "team": 2,
      "start_time": "2024-05-24T05:51:00+00:00",
      "end_time": "2024-05-24T08:08:00+00:00"
    }
  },
  {
    "model": "api.meeting",
    "pk": 145,
    "fields": {
      "participants": [1, 2, 3, 5],
      "start_time": "2024-05-25T00:01:00+00:00",
      "end_time": "2024-05-25T02:19:00+00:00"
    }
  },
  {
    "model": "api.meeting",
    "pk": 146,
    "fields": {
      "participants": [1, 3, 5],
      "start_time": "2024-05-27T07:31:00+00:00",
      "end_time": "2024-05-27T09:06:00+00:00"
    }
  },
  {
    "model": "api.meeting",
    "pk": 147,
    "fields": {
      "team": 2,
      "start_time": "2024-05-27T10:17:00+00:00",
      "end_time": "2024-05-27T12:34:00+00:00"
    }
  },
  {
    "model": "api.meeting",
    "pk": 148,
    "fields": {
      "participants": [1, 3, 4],
      "start_time": "2024-05-28T05:22:00+00:00",
      "end_time": "2024-05-28T07:11:00+00:00"
    }
  },
  {
    "model": "api.meeting",
    "pk": 149,
    "fields": {
      "team": 3,
      "start_time": "2024-05-29T01:05:00+00:00",
      "end_time": "2024-05-29T02:51:00+00:00"
    }
  },
  {
    "model": "api.meeting",
    "pk": 150,
    "fields": {
      "team": 3,
      "start_time": "2024-05-29T08:53:00+00:00",
      "end_time": "2024-05-29T08:58:00+00:00"
    }
  },
  {
    "model": "api.meeting",
    "pk": 151,
    "fields": {
      "participants": [1, 3, 4, 5],
      "start_time": "2024-05-30T07:04:00+00:00",
      "end_time": "2024-05-30T07:37:00+00:00"
    }
  },
  {
    "model": "api.meeting",
    "pk": 152,
    "fields": {
      "team": 1,
      "start_time": "2024-05-30T02:17:00+00:00",
      "end_time": "2024-05-30T04:56:00+00:00"
    }
  },
  {
    "model": "api.meeting",
    "pk": 153,
    "fields": {
      "team": 2,
      "start_time": "2024-05-31T08:02:00+00:00",
      "end_time": "2024-05-31T08:51:00+00:00"
    }
  },
  {
    "model": "api.meeting",
    "pk": 154,
    "fields": {
      "team": 1,
      "start_time": "2024-06-02T09:51:00+00:00",
      "end_time": "2024-06-02T12:10:00+00:00"
    }
  },
  {
    "model": "api.meeting",
    "pk": 155,
    "fields": {
      "team": 2,
      "start_time": "2024-06-04T08:29:00+00:00",
      "end_time": "2024-06-04T09:48:00+00:00"
    }
  },
  {
    "model": "api.meeting",
    "pk": 156,
    "fields": {
      "team": 2,
      "start_time": "2024-06-05T10:14:00+00:00",
      "end_time": "2024-06-05T10:43:00+00:00"
    }
  },
  {
    "model": "api.meeting",
    "pk": 157,
    "fields": {
      "team": 2,
      "start_time": "2024-06-06T08:29:00+00:00",
      "end_time": "2024-06-06T09:22:00+00:00"
    }
  },
  {
    "model": "api.meeting",
    "pk": 158,
    "fields": {
      "participants": [1, 2, 4, 5],
      "start_time": "2024-06-06T06:05:00+00:00",
      "end_time": "2024-06-06T08:23:00+00:00"
    }
  },
  {
    "model": "api.meeting",
    "pk": 159,
    "fields": {
      "participants": [1, 2, 3, 4],
      "start_time": "2024-06-07T06:13:00+00:00",
      "end_time": "2024-06-07T08:53:00+00:00"
    }
  },
  {
    "model": "api.meeting",
    "pk": 160,
    "fields": {
      "team": 2,
      "start_time": "2024-06-08T05:53:00+00:00",
      "end_time": "2024-06-08T08:40:00+00:00"
    }
  },
  {
    "model": "api.meeting",
    "pk": 161,
    "fields": {
      "participants": [1, 3, 5],
      "start_time": "2024-06-09T08:43:00+00:00",
      "end_time": "2024-06-09T11:16:00+00:00"
    }
  },
  {
    "model": "api.meeting",
    "pk": 162,
    "fields": {
      "participants": [1, 2, 4, 5],
      "start_time": "2024-06-09T09:18:00+00:00",
      "end_time": "2024-06-09T11:46:00+00:00"
    }
  },
  {
    "model": "api.meeting",
    "pk": 163,
    "fields": {
      "team": 3,
      "start_time": "2024-06-10T00:51:00+00:00",
      "end_time": "2024-06-10T01:05:00+00:00"
    }
  },
  {
    "model": "api.meeting",
    "pk": 164,
    "fields": {
      "team": 3,
      "start_time": "2024-06-11T01:17:00+00:00",
      "end_time": "2024-06-11T02:38:00+00:00"
    }
  },
  {
    "model": "api.meeting",
    "pk": 165,
    "fields": {
      "team": 3,
      "start_time": "2024-06-13T10:32:00+00:00",
      "end_time": "2024-06-13T10:37:00+00:00"
    }
  },
  {
    "model": "api.meeting",
    "pk": 166,
    "fields": {
      "team": 3,
      "start_time": "2024-06-14T06:25:00+00:00",
      "end_time": "2024-06-14T06:39:00+00:00"
    }
  },
  {
    "model": "api.meeting",
    "pk": 167,
    "fields": {
      "participants": [1, 2, 4],
      "start_time": "2024-06-15T01:48:00+00:00",
      "end_time": "2024-06-15T04:02:00+00:00"
    }
  },
  {
    "model": "api.meeting",
    "pk": 168,
    "fields": {
      "team": 2,
      "start_time": "2024-06-15T01:58:00+00:00",
      "end_time": "2024-06-15T04:17:00+00:00"
    }
  },
  {
    "model": "api.meeting",
    "pk": 169,
    "fields": {
      "participants": [1, 2, 4],
      "start_time": "2024-06-16T01:57:00+00:00",
      "end_time": "2024-06-16T03:11:00+00:00"
    }
  },
  {
    "model": "api.meeting",
    "pk": 170,
    "fields": {
      "participants": [1, 3],
      "start_time": "2024-06-17T01:42:00+00:00",
      "end_time": "2024-06-17T02:33:00+00:00"
    }
  },
  {
    "model": "api.meeting",
    "pk": 171,
    "fields": {
      "participants": [1, 2, 4, 5],
      "start_time": "2024-06-17T08:28:00+00:00",
      "end_time": "2024-06-17T10:34:00+00:00"
    }
  },
  {
    "model": "api.meeting",
    "pk": 172,
    "fields": {
      "team": 3,
      "start_time": "2024-06-18T08:41:00+00:00",
      "end_time": "2024-06-18T10:32:00+00:00"
    }
  },
  {
    "model": "api.meeting",
    "pk": 173,
    "fields": {
      "participants": [1, 2],
      "start_time": "2024-06-18T07:05:00+00:00",
      "end_time": "2024-06-18T07:18:00+00:00"
    }
  },
  {
    "model": "api.meeting",
    "pk": 174,
    "fields": {
      "participants": [1, 2, 3, 4, 5],
      "start_time": "2024-06-19T05:58:00+00:00",
      "end_time": "2024-06-19T07:23:00+00:00"
    }
  },
  {
    "model": "api.meeting",
    "pk": 175,
    "fields": {
      "participants": [1, 2, 3, 4, 5],
      "start_time": "2024-06-20T08:18:00+00:00",
      "end_time": "2024-06-20T09:59:00+00:00"
    }
  },
  {
    "model": "api.meeting",
    "pk": 176,
    "fields": {
      "team": 2,
      "start_time": "2024-06-21T06:06:00+00:00",
      "end_time": "2024-06-21T08:24:00+00:00"
    }
  },
  {
    "model": "api.meeting",
    "pk": 177,
    "fields": {
      "participants": [1, 3, 4, 5],
      "start_time": "2024-06-21T05:01:00+00:00",
      "end_time": "2024-06-21T05:10:00+00:00"
    }
  },
  {
    "model": "api.meeting",
    "pk": 178,
    "fields": {
      "participants": [1, 5],
      "start_time": "2024-06-24T10:28:00+00:00",
      "end_time": "2024-06-24T11:24:00+00:00"
    }
  },
  {
    "model": "api.meeting",
    "pk": 179,
    "fields": {
      "participants": [1, 4],
      "start_time": "2024-06-26T05:10:00+00:00",
      "end_time": "2024-06-26T06:26:00+00:00"
    }
  },
  {
    "model": "api.meeting",
    "pk": 180,
    "fields": {
      "participants": [1, 5],
      "start_time": "2024-06-27T03:15:00+00:00",
      "end_time": "2024-06-27T05:07:00+00:00"
    }
  },
  {
    "model": "api.meeting",
    "pk": 181,
    "fields": {
      "participants": [1, 4],
      "start_time": "2024-06-27T01:25:00+00:00",
      "end_time": "2024-06-27T02:12:00+00:00"
    }
  },
  {
    "model": "api.meeting",
    "pk": 182,
    "fields": {
      "participants": [1, 4, 5],
      "start_time": "2024-06-28T10:00:00+00:00",
      "end_time": "2024-06-28T10:29:00+00:00"
    }
  },
  {
    "model": "api.meeting",
    "pk": 183,
    "fields": {
      "team": 1,
      "start_time": "2024-06-28T10:16:00+00:00",
      "end_time": "2024-06-28T11:44:00+00:00"
    }
  },
  {
    "model": "api.meeting",
    "pk": 184,
    "fields": {
      "participants": [1, 2, 3, 4],
      "start_time": "2024-06-29T09:33:00+00:00",
      "end_time": "2024-06-29T12:04:00+00:00"
    }
  },
  {
    "model": "api.meeting",
    "pk": 185,
    "fields": {
      "team": 1,
      "start_time": "2024-06-30T10:19:00+00:00",
      "end_time": "2024-06-30T13:11:00+00:00"
    }
  },
  {
    "model": "api.meeting",
    "pk": 186,
    "fields": {
      "team": 2,
      "start_time": "2024-07-01T00:30:00+00:00",
      "end_time": "2024-07-01T01:06:00+00:00"
    }
  },
  {
    "model": "api.meeting",
    "pk": 187,
    "fields": {
      "team": 3,
      "start_time": "2024-07-02T10:55:00+00:00",
      "end_time": "2024-07-02T13:30:00+00:00"
    }
  },
  {
    "model": "api.meeting",
    "pk": 188,
    "fields": {
      "team": 2,
      "start_time": "2024-07-03T01:12:00+00:00",
      "end_time": "2024-07-03T01:16:00+00:00"
    }
  },
  {
    "model": "api.meeting",
    "pk": 189,
    "fields": {
      "participants": [1, 4, 5],
      "start_time": "2024-07-04T04:19:00+00:00",
      "end_time": "2024-07-04T05:54:00+00:00"
    }
  },
  {
    "model": "api.meeting",
    "pk": 190,
    "fields": {
      "team": 2,
      "start_time": "2024-07-06T03:47:00+00:00",
      "end_time": "2024-07-06T05:12:00+00:00"
    }
  },
  {
    "model": "api.meeting",
    "pk": 191,
    "fields": {
      "participants": [1, 4, 5],
      "start_time": "2024-07-06T01:39:00+00:00",
      "end_time": "2024-07-06T01:45:00+00:00"
    }
  },
  {
    "model": "api.meeting",
    "pk": 192,
    "fields": {
      "participants": [1, 5],
      "start_time": "2024-07-07T08:26:00+00:00",
      "end_time": "2024-07-07T09:42:00+00:00"
    }
  },
  {
    "model": "api.meeting",
    "pk": 193,
    "fields": {
      "team": 1,
      "start_time": "2024-07-09T00:25:00+00:00",
      "end_time": "2024-07-09T01:23:00+00:00"
    }
  },
  {
    "model": "api.meeting",
    "pk": 194,
    "fields": {
      "team": 2,
      "start_time": "2024-07-10T08:48:00+00:00",
      "end_time": "2024-07-10T10:31:00+00:00"
    }
  },
  {
    "model": "api.meeting",
    "pk": 195,
    "fields": {
      "participants": [1, 4],
      "start_time": "2024-07-10T07:08:00+00:00",
      "end_time": "2024-07-10T08:45:00+00:00"
    }
  },
  {
    "model": "api.meeting",
    "pk": 196,
    "fields": {
      "participants": [1, 2, 3, 4, 5],
      "start_time": "2024-07-11T09:39:00+00:00",
      "end_time": "2024-07-11T11:04:00+00:00"
    }
  },
  {
    "model": "api.meeting",
    "pk": 197,
    "fields": {
      "team": 2,
      "start_time": "2024-07-11T00:34:00+00:00",
      "end_time": "2024-07-11T01:18:00+00:00"
    }
  },
  {
    "model": "api.meeting",
    "pk": 198,
    "fields": {
      "participants": [1, 5],
      "start_time": "2024-07-12T02:12:00+00:00",
      "end_time": "2024-07-12T02:30:00+00:00"
    }
  },
  {
    "model": "api.meeting",
    "pk": 199,
    "fields": {
      "participants": [1, 3],
      "start_time": "2024-07-13T02:33:00+00:00",
      "end_time": "2024-07-13T04:52:00+00:00"
    }
  },
  {
    "model": "api.meeting",
    "pk": 200,
    "fields": {
      "participants": [1, 2, 3, 4],
      "start_time": "2024-07-14T04:21:00+00:00",
      "end_time": "2024-07-14T05:51:00+00:00"
    }
  },
  {
    "model": "api.meeting",
    "pk": 201,
    "fields": {
      "team": 3,
      "start_time": "2024-07-15T00:23:00+00:00",
      "end_time": "2024-07-15T02:22:00+00:00"
    }
  },
  {
    "model": "api.meeting",
    "pk": 202,
    "fields": {
      "team": 1,
      "start_time": "2024-07-18T04:22:00+00:00",
      "end_time": "2024-07-18T05:36:00+00:00"
    }
  },
  {
    "model": "api.meeting",
    "pk": 203,
    "fields": {
      "participants": [1, 2, 4],
      "start_time": "2024-07-18T06:21:00+00:00",
      "end_time": "2024-07-18T07:38:00+00:00"
    }
  },
  {
    "model": "api.meeting",
    "pk": 204,
    "fields": {
      "participants": [1, 3, 5],
      "start_time": "2024-07-19T06:27:00+00:00",
      "end_time": "2024-07-19T09:19:00+00:00"
    }
  },
  {
    "model": "api.meeting",
    "pk": 205,
    "fields": {
      "participants": [1, 2, 3, 4, 5],
      "start_time": "2024-07-19T02:53:00+00:00",
      "end_time": "2024-07-19T04:35:00+00:00"
    }
  },
  {
    "model": "api.meeting",
    "pk": 206,
    "fields": {
      "participants": [1, 2, 3, 5],
      "start_time": "2024-07-20T08:42:00+00:00",
      "end_time": "2024-07-20T11:04:00+00:00"
    }
  },
  {
    "model": "api.meeting",
    "pk": 207,
    "fields": {
      "participants": [1, 2, 3, 4],
      "start_time": "2024-07-20T01:53:00+00:00",
      "end_time": "2024-07-20T02:41:00+00:00"
    }
  },
  {
    "model": "api.meeting",
    "pk": 208,
    "fields": {
      "team": 3,
      "start_time": "2024-07-22T01:28:00+00:00",
      "end_time": "2024-07-22T02:24:00+00:00"
    }
  },
  {
    "model": "api.meeting",
    "pk": 209,
    "fields": {
      "participants": [1, 2, 3, 5],
      "start_time": "2024-07-23T09:39:00+00:00",
      "end_time": "2024-07-23T10:39:00+00:00"
    }
  },
  {
    "model": "api.meeting",
    "pk": 210,
    "fields": {
      "participants": [1, 2, 3, 5],
      "start_time": "2024-07-24T09:23:00+00:00",
      "end_time": "2024-07-24T10:33:00+00:00"
    }
  },
  {
    "model": "api.meeting",
    "pk": 211,
    "fields": {
      "team": 3,
      "start_time": "2024-07-24T10:08:00+00:00",
      "end_time": "2024-07-24T12:13:00+00:00"
    }
  },
  {
    "model": "api.meeting",
    "pk": 212,
    "fields": {
      "team": 3,
      "start_time": "2024-07-25T06:01:00+00:00",
      "end_time": "2024-07-25T08:22:00+00:00"
    }
  },
  {
    "model": "api.meeting",
    "pk": 213,
    "fields": {
      "participants": [1, 2, 3, 4, 5],
      "start_time": "2024-07-26T03:19:00+00:00",
      "end_time": "2024-07-26T04:48:00+00:00"
    }
  },
  {
    "model": "api.meeting",
    "pk": 214,
    "fields": {
      "team": 2,
      "start_time": "2024-07-27T07:33:00+00:00",
      "end_time": "2024-07-27T10:06:00+00:00"
    }
  },
  {
    "model": "api.meeting",
    "pk": 215,
    "fields": {
      "participants": [1, 4, 5],
      "start_time": "2024-07-28T08:15:00+00:00",
      "end_time": "2024-07-28T10:41:00+00:00"
    }
  },
  {
    "model": "api.meeting",
    "pk": 216,
    "fields": {
      "participants": [1, 3, 4, 5],
      "start_time": "2024-07-29T02:16:00+00:00",
      "end_time": "2024-07-29T02:33:00+00:00"
    }
  },
  {
    "model": "api.meeting",
    "pk": 217,
    "fields": {
      "team": 1,
      "start_time": "2024-07-30T03:11:00+00:00",
      "end_time": "2024-07-30T05:10:00+00:00"
    }
  },
  {
    "model": "api.meeting",
    "pk": 218,
    "fields": {
      "team": 1,
      "start_time": "2024-08-01T10:13:00+00:00",
      "end_time": "2024-08-01T12:49:00+00:00"
    }
  },
  {
    "model": "api.meeting",
    "pk": 219,
    "fields": {
      "participants": [1, 2, 3],
      "start_time": "2024-08-02T04:05:00+00:00",
      "end_time": "2024-08-02T05:19:00+00:00"
    }
  },
  {
    "model": "api.meeting",
    "pk": 220,
    "fields": {
      "team": 3,
      "start_time": "2024-08-02T01:08:00+00:00",
      "end_time": "2024-08-02T03:06:00+00:00"
    }
  },
  {
    "model": "api.meeting",
    "pk": 221,
    "fields": {
      "participants": [1],
      "start_time": "2024-08-03T00:14:00+00:00",
      "end_time": "2024-08-03T02:23:00+00:00"
    }
  },
  {
    "model": "api.meeting",
    "pk": 222,
    "fields": {
      "participants": [1, 3, 4],
      "start_time": "2024-08-04T04:48:00+00:00",
      "end_time": "2024-08-04T07:40:00+00:00"
    }
  },
  {
    "model": "api.meeting",
    "pk": 223,
    "fields": {
      "participants": [1, 2, 3, 4],
      "start_time": "2024-08-05T03:43:00+00:00",
      "end_time": "2024-08-05T04:51:00+00:00"
    }
  },
  {
    "model": "api.meeting",
    "pk": 224,
    "fields": {
      "participants": [1, 4, 5],
      "start_time": "2024-08-06T08:28:00+00:00",
      "end_time": "2024-08-06T08:50:00+00:00"
    }
  },
  {
    "model": "api.meeting",
    "pk": 225,
    "fields": {
      "participants": [1, 3],
      "start_time": "2024-08-06T10:03:00+00:00",
      "end_time": "2024-08-06T12:47:00+00:00"
    }
  },
  {
    "model": "api.meeting",
    "pk": 226,
    "fields": {
      "participants": [1, 2, 3],
      "start_time": "2024-08-09T06:51:00+00:00",
      "end_time": "2024-08-09T08:31:00+00:00"
    }
  },
  {
    "model": "api.meeting",
    "pk": 227,
    "fields": {
      "participants": [1, 2, 4],
      "start_time": "2024-08-11T05:14:00+00:00",
      "end_time": "2024-08-11T05:59:00+00:00"
    }
  },
  {
    "model": "api.meeting",
    "pk": 228,
    "fields": {
      "team": 2,
      "start_time": "2024-08-11T03:41:00+00:00",
      "end_time": "2024-08-11T06:00:00+00:00"
    }
  },
  {
    "model": "api.meeting",
    "pk": 229,
    "fields": {
      "team": 3,
      "start_time": "2024-08-16T03:02:00+00:00",
      "end_time": "2024-08-16T03:29:00+00:00"
    }
  },
  {
    "model": "api.meeting",
    "pk": 230,
    "fields": {
      "participants": [1, 4],
      "start_time": "2024-08-16T00:36:00+00:00",
      "end_time": "2024-08-16T02:17:00+00:00"
    }
  },
  {
    "model": "api.meeting",
    "pk": 231,
    "fields": {
      "participants": [1],
      "start_time": "2024-08-17T10:33:00+00:00",
      "end_time": "2024-08-17T13:24:00+00:00"
    }
  },
  {
    "model": "api.meeting",
    "pk": 232,
    "fields": {
      "participants": [1, 4],
      "start_time": "2024-08-17T05:03:00+00:00",
      "end_time": "2024-08-17T06:07:00+00:00"
    }
  },
  {
    "model": "api.meeting",
    "pk": 233,
    "fields": {
      "team": 3,
      "start_time": "2024-08-18T02:52:00+00:00",
      "end_time": "2024-08-18T05:37:00+00:00"
    }
  },
  {
    "model": "api.meeting",
    "pk": 234,
    "fields": {
      "team": 1,
      "start_time": "2024-08-19T09:31:00+00:00",
      "end_time": "2024-08-19T11:50:00+00:00"
    }
  },
  {
    "model": "api.meeting",
    "pk": 235,
    "fields": {
      "team": 2,
      "start_time": "2024-08-21T09:10:00+00:00",
      "end_time": "2024-08-21T09:58:00+00:00"
    }
  },
  {
    "model": "api.meeting",
    "pk": 236,
    "fields": {
      "team": 2,
      "start_time": "2024-08-22T08:04:00+00:00",
      "end_time": "2024-08-22T08:06:00+00:00"
    }
  },
  {
    "model": "api.meeting",
    "pk": 237,
    "fields": {
      "team": 3,
      "start_time": "2024-08-23T00:06:00+00:00",
      "end_time": "2024-08-23T03:05:00+00:00"
    }
  },
  {
    "model": "api.meeting",
    "pk": 238,
    "fields": {
      "participants": [1, 2, 3, 4],
      "start_time": "2024-08-24T04:42:00+00:00",
      "end_time": "2024-08-24T06:46:00+00:00"
    }
  },
  {
    "model": "api.meeting",
    "pk": 239,
    "fields": {
      "participants": [1, 3],
      "start_time": "2024-08-25T07:06:00+00:00",
      "end_time": "2024-08-25T10:02:00+00:00"
    }
  },
  {
    "model": "api.meeting",
    "pk": 240,
    "fields": {
      "participants": [1, 2],
      "start_time": "2024-08-26T07:19:00+00:00",
      "end_time": "2024-08-26T10:16:00+00:00"
    }
  },
  {
    "model": "api.meeting",
    "pk": 241,
    "fields": {
      "participants": [1, 2, 3, 5],
      "start_time": "2024-08-26T10:34:00+00:00",
      "end_time": "2024-08-26T11:39:00+00:00"
    }
  },
  {
    "model": "api.meeting",
    "pk": 242,
    "fields": {
      "participants": [1, 2, 4, 5],
      "start_time": "2024-08-28T10:41:00+00:00",
      "end_time": "2024-08-28T12:59:00+00:00"
    }
  },
  {
    "model": "api.meeting",
    "pk": 243,
    "fields": {
      "participants": [1, 3],
      "start_time": "2024-08-30T02:39:00+00:00",
      "end_time": "2024-08-30T05:26:00+00:00"
    }
  },
  {
    "model": "api.meeting",
    "pk": 244,
    "fields": {
      "participants": [1, 3, 4],
      "start_time": "2024-09-01T05:09:00+00:00",
      "end_time": "2024-09-01T05:55:00+00:00"
    }
  },
  {
    "model": "api.meeting",
    "pk": 245,
    "fields": {
      "participants": [1, 2, 4, 5],
      "start_time": "2024-09-01T09:04:00+00:00",
      "end_time": "2024-09-01T09:13:00+00:00"
    }
  },
  {
    "model": "api.meeting",
    "pk": 246,
    "fields": {
      "participants": [1, 2, 3],
      "start_time": "2024-09-02T10:23:00+00:00",
      "end_time": "2024-09-02T12:09:00+00:00"
    }
  },
  {
    "model": "api.meeting",
    "pk": 247,
    "fields": {
      "participants": [1, 2, 4, 5],
      "start_time": "2024-09-03T09:58:00+00:00",
      "end_time": "2024-09-03T11:31:00+00:00"
    }
  },
  {
    "model": "api.meeting",
    "pk": 248,
    "fields": {
      "participants": [1, 2, 3, 4],
      "start_time": "2024-09-04T04:28:00+00:00",
      "end_time": "2024-09-04T05:18:00+00:00"
    }
  },
  {
    "model": "api.meeting",
    "pk": 249,
    "fields": {
      "team": 2,
      "start_time": "2024-09-04T05:06:00+00:00",
      "end_time": "2024-09-04T06:59:00+00:00"
    }
  },
  {
    "model": "api.meeting",
    "pk": 250,
    "fields": {
      "team": 1,
      "start_time": "2024-09-05T09:22:00+00:00",
      "end_time": "2024-09-05T11:02:00+00:00"
    }
  },
  {
    "model": "api.meeting",
    "pk": 251,
    "fields": {
      "team": 1,
      "start_time": "2024-09-05T08:58:00+00:00",
      "end_time": "2024-09-05T10:55:00+00:00"
    }
  },
  {
    "model": "api.meeting",
    "pk": 252,
    "fields": {
      "participants": [1, 3, 4, 5],
      "start_time": "2024-09-06T00:41:00+00:00",
      "end_time": "2024-09-06T03:08:00+00:00"
    }
  },
  {
    "model": "api.meeting",
    "pk": 253,
    "fields": {
      "team": 2,
      "start_time": "2024-09-06T07:29:00+00:00",
      "end_time": "2024-09-06T08:09:00+00:00"
    }
  },
  {
    "model": "api.meeting",
    "pk": 254,
    "fields": {
      "participants": [1, 2, 3],
      "start_time": "2024-09-07T03:43:00+00:00",
      "end_time": "2024-09-07T03:53:00+00:00"
    }
  },
  {
    "model": "api.meeting",
    "pk": 255,
    "fields": {
      "team": 2,
      "start_time": "2024-09-08T04:52:00+00:00",
      "end_time": "2024-09-08T07:00:00+00:00"
    }
  },
  {
    "model": "api.meeting",
    "pk": 256,
    "fields": {
      "participants": [1, 3, 4],
      "start_time": "2024-09-09T02:27:00+00:00",
      "end_time": "2024-09-09T04:37:00+00:00"
    }
  },
  {
    "model": "api.meeting",
    "pk": 257,
    "fields": {
      "team": 1,
      "start_time": "2024-09-11T06:07:00+00:00",
      "end_time": "2024-09-11T06:36:00+00:00"
    }
  },
  {
    "model": "api.meeting",
    "pk": 258,
    "fields": {
      "team": 3,
      "start_time": "2024-09-11T05:42:00+00:00",
      "end_time": "2024-09-11T05:50:00+00:00"
    }
  },
  {
    "model": "api.meeting",
    "pk": 259,
    "fields": {
      "team": 1,
      "start_time": "2024-09-13T01:44:00+00:00",
      "end_time": "2024-09-13T02:20:00+00:00"
    }
  },
  {
    "model": "api.meeting",
    "pk": 260,
    "fields": {
      "participants": [1, 2, 5],
      "start_time": "2024-09-15T07:39:00+00:00",
      "end_time": "2024-09-15T09:19:00+00:00"
    }
  },
  {
    "model": "api.meeting",
    "pk": 261,
    "fields": {
      "team": 2,
      "start_time": "2024-09-16T02:25:00+00:00",
      "end_time": "2024-09-16T05:16:00+00:00"
    }
  },
  {
    "model": "api.meeting",
    "pk": 262,
    "fields": {
      "participants": [1, 2, 3],
      "start_time": "2024-09-17T04:05:00+00:00",
      "end_time": "2024-09-17T06:39:00+00:00"
    }
  },
  {
    "model": "api.meeting",
    "pk": 263,
    "fields": {
      "participants": [1, 3, 5],
      "start_time": "2024-09-17T03:05:00+00:00",
      "end_time": "2024-09-17T05:25:00+00:00"
    }
  },
  {
    "model": "api.meeting",
    "pk": 264,
    "fields": {
      "participants": [1, 2, 4],
      "start_time": "2024-09-18T10:39:00+00:00",
      "end_time": "2024-09-18T11:44:00+00:00"
    }
  },
  {
    "model": "api.meeting",
    "pk": 265,
    "fields": {
      "participants": [1, 2],
      "start_time": "2024-09-19T03:19:00+00:00",
      "end_time": "2024-09-19T06:11:00+00:00"
    }
  },
  {
    "model": "api.meeting",
    "pk": 266,
    "fields": {
      "participants": [1, 3, 4],
      "start_time": "2024-09-19T07:55:00+00:00",
      "end_time": "2024-09-19T08:31:00+00:00"
    }
  },
  {
    "model": "api.meeting",
    "pk": 267,
    "fields": {
      "participants": [1, 2, 4, 5],
      "start_time": "2024-09-20T05:50:00+00:00",
      "end_time": "2024-09-20T08:13:00+00:00"
    }
  },
  {
    "model": "api.meeting",
    "pk": 268,
    "fields": {
      "participants": [1, 4],
      "start_time": "2024-09-20T02:26:00+00:00",
      "end_time": "2024-09-20T03:49:00+00:00"
    }
  },
  {
    "model": "api.meeting",
    "pk": 269,
    "fields": {
      "team": 1,
      "start_time": "2024-09-21T05:22:00+00:00",
      "end_time": "2024-09-21T07:23:00+00:00"
    }
  },
  {
    "model": "api.meeting",
    "pk": 270,
    "fields": {
      "participants": [1, 3, 4],
      "start_time": "2024-09-21T05:40:00+00:00",
      "end_time": "2024-09-21T05:47:00+00:00"
    }
  },
  {
    "model": "api.meeting",
    "pk": 271,
    "fields": {
      "team": 3,
      "start_time": "2024-09-23T01:07:00+00:00",
      "end_time": "2024-09-23T02:38:00+00:00"
    }
  },
  {
    "model": "api.meeting",
    "pk": 272,
    "fields": {
      "participants": [1, 2, 4],
      "start_time": "2024-09-24T02:57:00+00:00",
      "end_time": "2024-09-24T03:10:00+00:00"
    }
  },
  {
    "model": "api.meeting",
    "pk": 273,
    "fields": {
      "team": 3,
      "start_time": "2024-09-25T02:48:00+00:00",
      "end_time": "2024-09-25T04:45:00+00:00"
    }
  },
  {
    "model": "api.meeting",
    "pk": 274,
    "fields": {
      "participants": [1, 3, 4],
      "start_time": "2024-09-26T08:32:00+00:00",
      "end_time": "2024-09-26T08:43:00+00:00"
    }
  },
  {
    "model": "api.meeting",
    "pk": 275,
    "fields": {
      "participants": [1, 2],
      "start_time": "2024-09-26T02:23:00+00:00",
      "end_time": "2024-09-26T03:37:00+00:00"
    }
  },
  {
    "model": "api.meeting",
    "pk": 276,
    "fields": {
      "participants": [1, 2, 3, 4, 5],
      "start_time": "2024-09-27T03:18:00+00:00",
      "end_time": "2024-09-27T03:43:00+00:00"
    }
  },
  {
    "model": "api.meeting",
    "pk": 277,
    "fields": {
      "participants": [1, 4, 5],
      "start_time": "2024-09-29T02:23:00+00:00",
      "end_time": "2024-09-29T02:49:00+00:00"
    }
  },
  {
    "model": "api.meeting",
    "pk": 278,
    "fields": {
      "participants": [1, 4],
      "start_time": "2024-09-30T04:40:00+00:00",
      "end_time": "2024-09-30T07:37:00+00:00"
    }
  },
  {
    "model": "api.meeting",
    "pk": 279,
    "fields": {
      "team": 2,
      "start_time": "2024-10-01T04:47:00+00:00",
      "end_time": "2024-10-01T06:34:00+00:00"
    }
  },
  {
    "model": "api.meeting",
    "pk": 280,
    "fields": {
      "team": 1,
      "start_time": "2024-10-02T08:42:00+00:00",
      "end_time": "2024-10-02T09:05:00+00:00"
    }
  },
  {
    "model": "api.meeting",
    "pk": 281,
    "fields": {
      "participants": [1, 2, 3, 5],
      "start_time": "2024-10-04T05:24:00+00:00",
      "end_time": "2024-10-04T06:02:00+00:00"
    }
  },
  {
    "model": "api.meeting",
    "pk": 282,
    "fields": {
      "participants": [1, 2, 4, 5],
      "start_time": "2024-10-05T07:23:00+00:00",
      "end_time": "2024-10-05T09:05:00+00:00"
    }
  },
  {
    "model": "api.meeting",
    "pk": 283,
    "fields": {
      "team": 3,
      "start_time": "2024-10-06T05:36:00+00:00",
      "end_time": "2024-10-06T05:42:00+00:00"
    }
  },
  {
    "model": "api.meeting",
    "pk": 284,
    "fields": {
      "participants": [1, 2, 4, 5],
      "start_time": "2024-10-06T08:46:00+00:00",
      "end_time": "2024-10-06T11:40:00+00:00"
    }
  },
  {
    "model": "api.meeting",
    "pk": 285,
    "fields": {
      "participants": [1, 2, 3, 5],
      "start_time": "2024-10-07T06:00:00+00:00",
      "end_time": "2024-10-07T06:17:00+00:00"
    }
  },
  {
    "model": "api.meeting",
    "pk": 286,
    "fields": {
      "participants": [1, 2, 5],
      "start_time": "2024-10-08T03:15:00+00:00",
      "end_time": "2024-10-08T04:40:00+00:00"
    }
  },
  {
    "model": "api.meeting",
    "pk": 287,
    "fields": {
      "participants": [1],
      "start_time": "2024-10-09T06:52:00+00:00",
      "end_time": "2024-10-09T09:17:00+00:00"
    }
  },
  {
    "model": "api.meeting",
    "pk": 288,
    "fields": {
      "participants": [1, 2, 4],
      "start_time": "2024-10-10T03:01:00+00:00",
      "end_time": "2024-10-10T04:18:00+00:00"
    }
  },
  {
    "model": "api.meeting",
    "pk": 289,
    "fields": {
      "participants": [1, 2, 4],
      "start_time": "2024-10-11T08:34:00+00:00",
      "end_time": "2024-10-11T09:40:00+00:00"
    }
  },
  {
    "model": "api.meeting",
    "pk": 290,
    "fields": {
      "team": 2,
      "start_time": "2024-10-11T03:03:00+00:00",
      "end_time": "2024-10-11T03:16:00+00:00"
    }
  },
  {
    "model": "api.meeting",
    "pk": 291,
    "fields": {
      "participants": [1, 2, 3, 4, 5],
      "start_time": "2024-10-14T02:25:00+00:00",
      "end_time": "2024-10-14T04:01:00+00:00"
    }
  },
  {
    "model": "api.meeting",
    "pk": 292,
    "fields": {
      "team": 3,
      "start_time": "2024-10-15T08:37:00+00:00",
      "end_time": "2024-10-15T09:06:00+00:00"
    }
  },
  {
    "model": "api.meeting",
    "pk": 293,
    "fields": {
      "team": 2,
      "start_time": "2024-10-16T06:32:00+00:00",
      "end_time": "2024-10-16T08:28:00+00:00"
    }
  },
  {
    "model": "api.meeting",
    "pk": 294,
    "fields": {
      "participants": [1, 2, 3, 4],
      "start_time": "2024-10-17T02:16:00+00:00",
      "end_time": "2024-10-17T02:24:00+00:00"
    }
  },
  {
    "model": "api.meeting",
    "pk": 295,
    "fields": {
      "team": 1,
      "start_time": "2024-10-17T05:11:00+00:00",
      "end_time": "2024-10-17T06:28:00+00:00"
    }
  },
  {
    "model": "api.meeting",
    "pk": 296,
    "fields": {
      "team": 1,
      "start_time": "2024-10-18T02:53:00+00:00",
      "end_time": "2024-10-18T03:57:00+00:00"
    }
  },
  {
    "model": "api.meeting",
    "pk": 297,
    "fields": {
      "team": 1,
      "start_time": "2024-10-18T02:34:00+00:00",
      "end_time": "2024-10-18T03:20:00+00:00"
    }
  },
  {
    "model": "api.meeting",
    "pk": 298,
    "fields": {
      "participants": [1, 3, 4],
      "start_time": "2024-10-19T00:45:00+00:00",
      "end_time": "2024-10-19T02:21:00+00:00"
    }
  },
  {
    "model": "api.meeting",
    "pk": 299,
    "fields": {
      "participants": [1, 2, 3, 4, 5],
      "start_time": "2024-10-19T08:23:00+00:00",
      "end_time": "2024-10-19T10:12:00+00:00"
    }
  },
  {
    "model": "api.meeting",
    "pk": 300,
    "fields": {
      "team": 3,
      "start_time": "2024-10-23T00:44:00+00:00",
      "end_time": "2024-10-23T02:08:00+00:00"
    }
  },
  {
    "model": "api.meeting",
    "pk": 301,
    "fields": {
      "team": 2,
      "start_time": "2024-10-24T10:14:00+00:00",
      "end_time": "2024-10-24T12:57:00+00:00"
    }
  },
  {
    "model": "api.meeting",
    "pk": 302,
    "fields": {
      "team": 1,
      "start_time": "2024-10-26T02:34:00+00:00",
      "end_time": "2024-10-26T03:22:00+00:00"
    }
  },
  {
    "model": "api.meeting",
    "pk": 303,
    "fields": {
      "team": 1,
      "start_time": "2024-10-26T09:49:00+00:00",
      "end_time": "2024-10-26T12:18:00+00:00"
    }
  },
  {
    "model": "api.meeting",
    "pk": 304,
    "fields": {
      "participants": [1, 2, 3, 4],
      "start_time": "2024-10-27T06:50:00+00:00",
      "end_time": "2024-10-27T07:12:00+00:00"
    }
  },
  {
    "model": "api.meeting",
    "pk": 305,
    "fields": {
      "participants": [1, 2, 4],
      "start_time": "2024-10-27T05:47:00+00:00",
      "end_time": "2024-10-27T07:59:00+00:00"
    }
  },
  {
    "model": "api.meeting",
    "pk": 306,
    "fields": {
      "participants": [1, 3, 5],
      "start_time": "2024-10-31T00:30:00+00:00",
      "end_time": "2024-10-31T01:32:00+00:00"
    }
  },
  {
    "model": "api.meeting",
    "pk": 307,
    "fields": {
      "participants": [1, 3, 4, 5],
      "start_time": "2024-10-31T04:48:00+00:00",
      "end_time": "2024-10-31T05:18:00+00:00"
    }
  },
  {
    "model": "api.meeting",
    "pk": 308,
    "fields": {
      "team": 2,
      "start_time": "2024-11-02T02:43:00+00:00",
      "end_time": "2024-11-02T05:20:00+00:00"
    }
  },
  {
    "model": "api.meeting",
    "pk": 309,
    "fields": {
      "participants": [1, 3, 5],
      "start_time": "2024-11-03T04:19:00+00:00",
      "end_time": "2024-11-03T07:13:00+00:00"
    }
  },
  {
    "model": "api.meeting",
    "pk": 310,
    "fields": {
      "team": 1,
      "start_time": "2024-11-03T01:08:00+00:00",
      "end_time": "2024-11-03T03:40:00+00:00"
    }
  },
  {
    "model": "api.meeting",
    "pk": 311,
    "fields": {
      "participants": [1, 2, 5],
      "start_time": "2024-11-04T09:10:00+00:00",
      "end_time": "2024-11-04T11:51:00+00:00"
    }
  },
  {
    "model": "api.meeting",
    "pk": 312,
    "fields": {
      "participants": [1, 3],
      "start_time": "2024-11-06T06:51:00+00:00",
      "end_time": "2024-11-06T07:05:00+00:00"
    }
  },
  {
    "model": "api.meeting",
    "pk": 313,
    "fields": {
      "team": 3,
      "start_time": "2024-11-07T06:22:00+00:00",
      "end_time": "2024-11-07T08:55:00+00:00"
    }
  },
  {
    "model": "api.meeting",
    "pk": 314,
    "fields": {
      "team": 3,
      "start_time": "2024-11-08T06:56:00+00:00",
      "end_time": "2024-11-08T08:30:00+00:00"
    }
  },
  {
    "model": "api.meeting",
    "pk": 315,
    "fields": {
      "team": 1,
      "start_time": "2024-11-09T02:45:00+00:00",
      "end_time": "2024-11-09T04:17:00+00:00"
    }
  },
  {
    "model": "api.meeting",
    "pk": 316,
    "fields": {
      "team": 3,
      "start_time": "2024-11-10T05:06:00+00:00",
      "end_time": "2024-11-10T07:08:00+00:00"
    }
  },
  {
    "model": "api.meeting",
    "pk": 317,
    "fields": {
      "participants": [1, 3, 5],
      "start_time": "2024-11-11T06:34:00+00:00",
      "end_time": "2024-11-11T07:29:00+00:00"
    }
  },
  {
    "model": "api.meeting",
    "pk": 318,
    "fields": {
      "participants": [1, 2, 3],
      "start_time": "2024-11-12T00:22:00+00:00",
      "end_time": "2024-11-12T01:23:00+00:00"
    }
  },
  {
    "model": "api.meeting",
    "pk": 319,
    "fields": {
      "team": 1,
      "start_time": "2024-11-12T04:00:00+00:00",
      "end_time": "2024-11-12T05:59:00+00:00"
    }
  },
  {
    "model": "api.meeting",
    "pk": 320,
    "fields": {
      "participants": [1, 4, 5],
      "start_time": "2024-11-17T01:09:00+00:00",
      "end_time": "2024-11-17T01:46:00+00:00"
    }
  },
  {
    "model": "api.meeting",
    "pk": 321,
    "fields": {
      "team": 3,
      "start_time": "2024-11-21T09:21:00+00:00",
      "end_time": "2024-11-21T10:24:00+00:00"
    }
  },
  {
    "model": "api.meeting",
    "pk": 322,
    "fields": {
      "team": 2,
      "start_time": "2024-11-21T04:41:00+00:00",
      "end_time": "2024-11-21T06:23:00+00:00"
    }
  },
  {
    "model": "api.meeting",
    "pk": 323,
    "fields": {
      "participants": [1, 2, 3, 5],
      "start_time": "2024-11-22T02:19:00+00:00",
      "end_time": "2024-11-22T05:12:00+00:00"
    }
  },
  {
    "model": "api.meeting",
    "pk": 324,
    "fields": {
      "team": 2,
      "start_time": "2024-11-23T01:20:00+00:00",
      "end_time": "2024-11-23T01:45:00+00:00"
    }
  },
  {
    "model": "api.meeting",
    "pk": 325,
    "fields": {
      "team": 2,
      "start_time": "2024-11-26T03:16:00+00:00",
      "end_time": "2024-11-26T03:35:00+00:00"
    }
  },
  {
    "model": "api.meeting",
    "pk": 326,
    "fields": {
      "team": 2,
      "start_time": "2024-11-26T03:11:00+00:00",
      "end_time": "2024-11-26T05:49:00+00:00"
    }
  },
  {
    "model": "api.meeting",
    "pk": 327,
    "fields": {
      "participants": [1, 3, 4, 5],
      "start_time": "2024-11-28T01:40:00+00:00",
      "end_time": "2024-11-28T02:01:00+00:00"
    }
  },
  {
    "model": "api.meeting",
    "pk": 328,
    "fields": {
      "participants": [1],
      "start_time": "2024-11-29T06:36:00+00:00",
      "end_time": "2024-11-29T08:20:00+00:00"
    }
  },
  {
    "model": "api.meeting",
    "pk": 329,
    "fields": {
      "team": 2,
      "start_time": "2024-11-30T10:47:00+00:00",
      "end_time": "2024-11-30T13:39:00+00:00"
    }
  },
  {
    "model": "api.meeting",
    "pk": 330,
    "fields": {
      "team": 1,
      "start_time": "2024-12-01T08:28:00+00:00",
      "end_time": "2024-12-01T10:28:00+00:00"
    }
  },
  {
    "model": "api.meeting",
    "pk": 331,
    "fields": {
      "team": 1,
      "start_time": "2024-12-02T03:44:00+00:00",
      "end_time": "2024-12-02T06:24:00+00:00"
    }
  },
  {
    "model": "api.meeting",
    "pk": 332,
    "fields": {
      "participants": [1, 3, 4, 5],
      "start_time": "2024-12-02T01:30:00+00:00",
      "end_time": "2024-12-02T02:18:00+00:00"
    }
  },
  {
    "model": "api.meeting",
    "pk": 333,
    "fields": {
      "team": 2,
      "start_time": "2024-12-04T01:18:00+00:00",
      "end_time": "2024-12-04T03:24:00+00:00"
    }
  },
  {
    "model": "api.meeting",
    "pk": 334,
    "fields": {
      "participants": [1],
      "start_time": "2024-12-04T06:04:00+00:00",
      "end_time": "2024-12-04T07:30:00+00:00"
    }
  },
  {
    "model": "api.meeting",
    "pk": 335,
    "fields": {
      "participants": [1, 2, 3],
      "start_time": "2024-12-06T02:59:00+00:00",
      "end_time": "2024-12-06T04:24:00+00:00"
    }
  },
  {
    "model": "api.meeting",
    "pk": 336,
    "fields": {
      "participants": [1, 4],
      "start_time": "2024-12-06T09:20:00+00:00",
      "end_time": "2024-12-06T10:48:00+00:00"
    }
  },
  {
    "model": "api.meeting",
    "pk": 337,
    "fields": {
      "participants": [1, 2, 3, 4, 5],
      "start_time": "2024-12-07T03:38:00+00:00",
      "end_time": "2024-12-07T04:50:00+00:00"
    }
  },
  {
    "model": "api.meeting",
    "pk": 338,
    "fields": {
      "participants": [1, 3, 5],
      "start_time": "2024-12-09T01:42:00+00:00",
      "end_time": "2024-12-09T01:59:00+00:00"
    }
  },
  {
    "model": "api.meeting",
    "pk": 339,
    "fields": {
      "team": 3,
      "start_time": "2024-12-10T08:23:00+00:00",
      "end_time": "2024-12-10T10:50:00+00:00"
    }
  },
  {
    "model": "api.meeting",
    "pk": 340,
    "fields": {
      "team": 1,
      "start_time": "2024-12-11T05:08:00+00:00",
      "end_time": "2024-12-11T05:52:00+00:00"
    }
  },
  {
    "model": "api.meeting",
    "pk": 341,
    "fields": {
      "team": 3,
      "start_time": "2024-12-11T04:50:00+00:00",
      "end_time": "2024-12-11T05:26:00+00:00"
    }
  },
  {
    "model": "api.meeting",
    "pk": 342,
    "fields": {
      "participants": [1, 3],
      "start_time": "2024-12-12T07:17:00+00:00",
      "end_time": "2024-12-12T08:07:00+00:00"
    }
  },
  {
    "model": "api.meeting",
    "pk": 343,
    "fields": {
      "participants": [1, 4, 5],
      "start_time": "2024-12-12T02:45:00+00:00",
      "end_time": "2024-12-12T04:20:00+00:00"
    }
  },
  {
    "model": "api.meeting",
    "pk": 344,
    "fields": {
      "team": 3,
      "start_time": "2024-12-13T09:38:00+00:00",
      "end_time": "2024-12-13T10:29:00+00:00"
    }
  },
  {
    "model": "api.meeting",
    "pk": 345,
    "fields": {
      "team": 1,
      "start_time": "2024-12-14T05:51:00+00:00",
      "end_time": "2024-12-14T08:43:00+00:00"
    }
  },
  {
    "model": "api.meeting",
    "pk": 346,
    "fields": {
      "participants": [1],
      "start_time": "2024-12-15T03:21:00+00:00",
      "end_time": "2024-12-15T06:01:00+00:00"
    }
  },
  {
    "model": "api.meeting",
    "pk": 347,
    "fields": {
      "participants": [1, 4, 5],
      "start_time": "2024-12-16T07:54:00+00:00",
      "end_time": "2024-12-16T08:43:00+00:00"
    }
  },
  {
    "model": "api.meeting",
    "pk": 348,
    "fields": {
      "participants": [1, 2, 3],
      "start_time": "2024-12-17T03:44:00+00:00",
      "end_time": "2024-12-17T05:13:00+00:00"
    }
  },
  {
    "model": "api.meeting",
    "pk": 349,
    "fields": {
      "team": 2,
      "start_time": "2024-12-17T09:38:00+00:00",
      "end_time": "2024-12-17T09:41:00+00:00"
    }
  },
  {
    "model": "api.meeting",
    "pk": 350,
    "fields": {
      "team": 2,
      "start_time": "2024-12-18T10:55:00+00:00",
      "end_time": "2024-12-18T13:27:00+00:00"
    }
  },
  {
    "model": "api.meeting",
    "pk": 351,
    "fields": {
      "team": 2,
      "start_time": "2024-12-19T03:51:00+00:00",
      "end_time": "2024-12-19T04:24:00+00:00"
    }
  },
  {
    "model": "api.meeting",
    "pk": 352,
    "fields": {
      "participants": [1, 2, 3, 4],
      "start_time": "2024-12-20T03:43:00+00:00",
      "end_time": "2024-12-20T06:37:00+00:00"
    }
  },
  {
    "model": "api.meeting",
    "pk": 353,
    "fields": {
      "team": 2,
      "start_time": "2024-12-21T08:18:00+00:00",
      "end_time": "2024-12-21T08:42:00+00:00"
    }
  },
  {
    "model": "api.meeting",
    "pk": 354,
    "fields": {
      "team": 1,
      "start_time": "2024-12-22T05:50:00+00:00",
      "end_time": "2024-12-22T07:28:00+00:00"
    }
  },
  {
    "model": "api.meeting",
    "pk": 355,
    "fields": {
      "participants": [1, 5],
      "start_time": "2024-12-22T04:02:00+00:00",
      "end_time": "2024-12-22T05:46:00+00:00"
    }
  },
  {
    "model": "api.meeting",
    "pk": 356,
    "fields": {
      "team": 2,
      "start_time": "2024-12-24T09:19:00+00:00",
      "end_time": "2024-12-24T12:14:00+00:00"
    }
  },
  {
    "model": "api.meeting",
    "pk": 357,
    "fields": {
      "participants": [1],
      "start_time": "2024-12-24T03:01:00+00:00",
      "end_time": "2024-12-24T03:04:00+00:00"
    }
  },
  {
    "model": "api.meeting",
    "pk": 358,
    "fields": {
      "participants": [1, 4, 5],
      "start_time": "2024-12-27T00:27:00+00:00",
      "end_time": "2024-12-27T03:17:00+00:00"
    }
  },
  {
    "model": "api.meeting",
    "pk": 359,
    "fields": {
      "participants": [1, 4, 5],
      "start_time": "2024-12-28T01:52:00+00:00",
      "end_time": "2024-12-28T03:33:00+00:00"
    }
  },
  {
    "model": "api.meeting",
    "pk": 360,
    "fields": {
      "participants": [1],
      "start_time": "2024-12-28T00:08:00+00:00",
      "end_time": "2024-12-28T00:29:00+00:00"
    }
  },
  {
    "model": "api.meeting",
    "pk": 361,
    "fields": {
      "participants": [1, 2, 3, 5],
      "start_time": "2024-12-29T07:47:00+00:00",
      "end_time": "2024-12-29T09:17:00+00:00"
    }
  },
  {
    "model": "api.meeting",
    "pk": 362,
    "fields": {
      "team": 3,
      "start_time": "2024-12-31T04:12:00+00:00",
      "end_time": "2024-12-31T04:40:00+00:00"
    }
  },
  {
    "model": "api.meeting",
    "pk": 363,
    "fields": {
      "participants": [1, 2, 3, 4, 5],
      "start_time": "2024-03-14T14:04:50+00:00"
    }
  },
  {
    "model": "api.notes",
    "pk": 1,
    "fields": {
      "meeting": 1,
      "title": "Team Meeting #12 Notes",
      "content": "{\"time\": 1710420100954, \"blocks\": [{\"id\": \"MLU7PTgtf_\", \"type\": \"header\", \"data\": {\"text\": \"Team Meeting #12\", \"level\": 1}}, {\"id\": \"HUr3Y7fNBm\", \"type\": \"delimiter\", \"data\": {}}, {\"id\": \"yYL2oE5w15\", \"type\": \"header\", \"data\": {\"text\": \"Todo's:\", \"level\": 2}}, {\"id\": \"q8p2F2c56u\", \"type\": \"checklist\", \"data\": {\"items\": [{\"text\": \"What we have done so far\", \"checked\": false}, {\"text\": \"What's next\", \"checked\": false}, {\"text\": \"How can we be better?\", \"checked\": false}]}}], \"version\": \"2.29.0\"}"
    }
  },
  {
    "model": "api.notes",
    "pk": 2,
    "fields": {
      "meeting": 2,
      "title": "Brainstorm Session",
      "content": "{\"time\": 1710424503960, \"blocks\": [{\"id\": \"HouQJZ9xwl\", \"type\": \"header\", \"data\": {\"text\": \"Brainstorming\", \"level\": 1}}, {\"id\": \"bCTD9TBu_Y\", \"type\": \"header\", \"data\": {\"text\": \"Ideas for our next project\", \"level\": 3}}, {\"id\": \"ulmM-A3Z7m\", \"type\": \"list\", \"data\": {\"style\": \"unordered\", \"items\": [{\"content\": \"Create a cooking app\", \"items\": []}, {\"content\": \"<mark class=\\\"cdx-marker\\\">Implement AI in our latest technology</mark>\", \"items\": []}, {\"content\": \"Design an API for which brings your banking accounts all in one place\", \"items\": []}]}}, {\"id\": \"9mrQ-IgGKD\", \"type\": \"delimiter\", \"data\": {}}, {\"id\": \"8sdoCzyreY\", \"type\": \"table\", \"data\": {\"withHeadings\": true, \"content\": [[\"Project Idea<br>\", \"Thoughts\"], [\"Cooking App<br>\", \"Easy, Too general<br>\"], [\"AI\", \"Requires learning new technologies, Helps team efficiency<br>\"], [\"API\", \"Hard, Requires support from each bank\"]]}}], \"version\": \"2.29.0\"}"
    }
  }
]
